감사번호,수정,처리내용
F01,태그는 검색정보로만 유지,태그에서 연령/전용 여부 생성 제거
F02,연령 경로·예외 분리,장애수당 상한20세 삭제; 아동수당 경로OR; 월말 생일경계 미확인
F03,부정문 키워드 추출 제거,학생/자영업 제외를 필수로 생성하지 않음
F04,조건마다 대상주체 저장,본인·자녀를 임의대체하지 않음
F05,정책별 AND/OR/NOT 식,경로OR·경로내AND·퇴직경로 보존
F06,급여종류·수급권 분리,소득% 병기로 수급 필수조건을 완화하지 않음
F07,생활비 원뜻 보존,수급/차상위는미관측
F08,소득/가구수 구간 보존,4인이상 상한미공개;800만원이상 상한없음;인정액미추정
F09,동읍면3/4 명시매핑,법정 농어촌·도서벽지로 확대해석하지 않음
F10,미검토 정책 잠금,조건추출실패=미확인;무조건통과 삭제
F11,관측과 법정자격 분리,카드/국적/임차에서 법정상태를 추정하지 않음
F12,조사대상·결측 보존,60세미만 자녀문항미관측;무학 재학상태 비해당 구분
F13,완전자격검증 상태 분리,NaN없음으로TierA생성 금지
F14,전체표본분모 유지,미확인 포함한 부합/비해당/미확인 집계
F15,현행8개 규칙도 v3연결,상담/디지털 어려움 누락은미확인 처리
F16,2개 일반안내 의미 유지,실제 수급예측이라고 표현하지 않음
F17,레거시 실행경로 교체/차단,"새 전처리 연결, 미수정 구 스크립트는실행차단"
F18,사실·조건·결과 스키마 분리,공통0/1/2 숫자 직접비교 제거
