생애주기,기본대상부합수,가중%
청소년,0,0.0
청소년,1,0.0
청소년,2,0.1595607162707447
청소년,3,0.44856451297318956
청소년,4,0.0
청소년,5,0.0
청소년,6,9.457784532940577
청소년,7,89.18007800677314
청소년,8,0.7540122310423315
청년,0,0.0
청년,1,0.0
청년,2,3.7693629662900574
청년,3,0.008511057112515883
청년,4,0.0
청년,5,0.0
청년,6,94.6267952882392
청년,7,1.5953306883582385
청년,8,0.0
중장년,0,0.0
중장년,1,0.0
중장년,2,1.9989181268178644
중장년,3,0.0
중장년,4,0.0
중장년,5,0.0
중장년,6,94.57999575164693
중장년,7,3.4210861215351858
중장년,8,0.0
노년,0,0.0
노년,1,0.0
노년,2,0.7845302352103186
노년,3,0.0
노년,4,0.0
노년,5,0.0
노년,6,86.59396549661578
노년,7,12.621504268173911
노년,8,0.0
