번호,서비스ID,서비스명,소관부처,신청수혜주체,검토분류,조건관계요약,사회조사관련관측,부족정보,정정및주의,원문확인사항,실행식상태,공식자료보완요약,공식자료출처,공식자료URL,원문기준연도,현재추천목록포함,근거구절,복지로링크,검토범위
92,WLF00003242,국가예방접종 사업,질병관리청 예방접종관리과,본인·아동,추가정보·세부조건 확인 필요,어린이17종 / 65세이상폐렴 / HPV성별·출생연도·저소득 / 고위험 / 임신등독감코로나 경로,연령; 성별; 가구주관계·혼인·일부 자녀 응답,의료·피해·필요성·의사; 법정 급여·보호 자격; 가족·자녀·임신출산·양육; 가입·이용·사건 이력; 정확한 기준시점·기간,연령·출생연도·2025~26사업기간 혼재; 접종종류·이력 별도,"12세 이하와2013년이후 출생,2025~26사업기간 등 기준시점 혼재. 백신별 현재 공고 필요.",요약구조화; 완전 실행식 미작성,,,,2026.0,False,2013년 1월 1일,https://www.bokjiro.go.kr/ssis-tbu/twataa/wlfareInfo/moveTWAT52011M.do?wlfareInfoId=WLF00003242&wlfareInfoReldBztpCd=01,수집된 원문의 조건 검토; 최신공고·완전실행식·실제선정 정답 검증은 아님
94,WLF00004997,한국형 상병수당 시범사업,보건복지부 건강보험정책국,본인·사업장,추가정보·세부조건 확인 필요,시범지역거주 또는 사업장 AND 15~64국적예외 AND 보험/사업요건 AND 상병무급기간 AND NOT 중복; 의료심사,연령; 지역; 조사주간 경제활동·직업; 현재 국적,세부 주소·사업지역; 직역·사업장·경력·구직; 가입·이용·사건 이력; 의료·피해·필요성·의사; 정책 기준 소득; 기관 판단·상세 공고; 정확한 기준시점·기간,종료지역·중복기재 지역 있어 현재공고 확인 필요; 시도만으로 시군구 판정 불가,2단계·3단계 지역이 중복 기재되고 종료지역 포함. 현재 참여지역·단계 확인 필요.,요약구조화; 완전 실행식 미작성,"2단계는 안양·대구달서·용인·익산,3단계는 전주·원주·충주·홍성으로 확인. 원문 중복지역은 단계별로 분리한다. 전체 지역별 선정규칙 검증은 별도.",국민건강보험공단 2026년 제도 안내,https://www.nhis.or.kr/renewal_popup/poster/20260204_poster_longdesc_1.html,2026.0,False,시범사업 지역 소재 사업장,https://www.bokjiro.go.kr/ssis-tbu/twataa/wlfareInfo/moveTWAT52011M.do?wlfareInfoId=WLF00004997&wlfareInfoReldBztpCd=01,수집된 원문의 조건 검토; 최신공고·완전실행식·실제선정 정답 검증은 아님
114,WLF00006274,햇살론일반,금융위원회 서민금융과,본인,추가정보·세부조건 확인 필요,소득증빙 AND (연소득3500만원경로 OR 신용하위20% AND 연소득4500만원이하); 성실상환예외,가구소득구간,정책 기준 소득; 재산·주택·채무·신용; 가입·이용·사건 이력,원문 첫 경로에 이하가 빠짐: 추정으로 부등호를 확정하지 않음,첫 소득경로에 3500만원 이거나라고 기재되어 이하 등 비교연산자가 빠져 있음.,요약구조화; 완전 실행식 미작성,"연소득3500만원 이하는 신용점수와 무관한 경로이며,4500만원 이하 경로에는 신용하위20%가 함께 필요하다. 첫 경로의 누락된 이하를 공식 상품안내로 확인.",서민금융진흥원 햇살론일반,https://www.kinfa.or.kr/financialProduct/hessalLoanGeneral.do,2026.0,False,연소득 3천5백만원 이거나,https://www.bokjiro.go.kr/ssis-tbu/twataa/wlfareInfo/moveTWAT52011M.do?wlfareInfoId=WLF00006274&wlfareInfoReldBztpCd=01,수집된 원문의 조건 검토; 최신공고·완전실행식·실제선정 정답 검증은 아님
122,WLF00006265,연탄쿠폰,산업통상자원부 석탄산업과,가구,추가정보·세부조건 확인 필요,수급/차상위/독거65이상/장애등 유형별 연탄쿠폰대상; 원문 구기준 재확인,연령; 가구 규모·점유형태; 가구소득구간; 장애인복지카드 소유 응답; 가구주관계·혼인·일부 자녀 응답,법정 급여·보호 자격; 장애 유형·정도·법정 판정; 가족·자녀·임신출산·양육; 정책 기준 소득; 요금·공급·이용 계약; 기관 판단·상세 공고,중위소득과 구 최저생계비 기준 혼재; 연탄사용 확인도 상세지침 필요,중위소득 기준과 최저생계비120/130% 등 과거 체계가 동시에 기재됨.,요약구조화; 완전 실행식 미작성,,,,2026.0,False,최저생계비의 120%,https://www.bokjiro.go.kr/ssis-tbu/twataa/wlfareInfo/moveTWAT52011M.do?wlfareInfoId=WLF00006265&wlfareInfoReldBztpCd=01,수집된 원문의 조건 검토; 최신공고·완전실행식·실제선정 정답 검증은 아님
142,WLF00004639,전기요금 복지할인,기후에너지환경부,가구,추가정보·세부조건 확인 필요,수급/차상위 OR 5인가구 OR 3자녀손자녀 OR 지정장애/보훈 AND 대상전기계약,가구 규모·점유형태; 장애인복지카드 소유 응답; 가구주관계·혼인·일부 자녀 응답,법정 급여·보호 자격; 가족·자녀·임신출산·양육; 장애 유형·정도·법정 판정; 보훈·유족·수권; 요금·공급·이용 계약,사회조사4인이상으로 5인 확정 불가; 구 장애등급 표현 별도확인,구 장애1~3급·최저생계비130% 표현과 현행급여 설명 혼재. 적용기준 확인 필요.,요약구조화; 완전 실행식 미작성,,,,,False,가구원수가 5인 이상,https://www.bokjiro.go.kr/ssis-tbu/twataa/wlfareInfo/moveTWAT52011M.do?wlfareInfoId=WLF00004639&wlfareInfoReldBztpCd=01,수집된 원문의 조건 검토; 최신공고·완전실행식·실제선정 정답 검증은 아님
146,WLF00004658,과학문화 바우처 지원,과학기술정보통신부,본인·가구,추가정보·세부조건 확인 필요,6세이상 AND (수급 OR 차상위 OR 법정한부모); 선정기준의 학령기·신규이용기준 관계 재확인,연령; 학교급·재학상태; 가구주관계·혼인·일부 자녀 응답,법정 급여·보호 자격; 가족·자녀·임신출산·양육; 가입·이용·사건 이력; 기관 판단·상세 공고; 정확한 기준시점·기간,본문 연령·출생연도 및 기준역할 명료화 필요,6세 이상과2019.12.31 출생경계의 기준연도 및 학령기 선정목록 역할 확인 필요.,요약구조화; 완전 실행식 미작성,,,,,False,2019.12.31 이전,https://www.bokjiro.go.kr/ssis-tbu/twataa/wlfareInfo/moveTWAT52011M.do?wlfareInfoId=WLF00004658&wlfareInfoReldBztpCd=01,수집된 원문의 조건 검토; 최신공고·완전실행식·실제선정 정답 검증은 아님
155,WLF00006225,지역난방기본요금감면,기후에너지환경부,시설·주택,추가정보·세부조건 확인 필요,사회복지시설 OR 지정공공임대주택·면적조건; 지역난방기본요금감면,가구 규모·점유형태,기관·기업 자료; 재산·주택·채무·신용; 요금·공급·이용 계약,세부 주택유형별 면적적용범위 원문만으로 불명료,나열된 임대주택 유형 각각에60㎡조건이 적용되는지 본문만으로 명료하지 않음.,요약구조화; 완전 실행식 미작성,,,,,False,전용면적 60㎡ 이하,https://www.bokjiro.go.kr/ssis-tbu/twataa/wlfareInfo/moveTWAT52011M.do?wlfareInfoId=WLF00006225&wlfareInfoReldBztpCd=01,수집된 원문의 조건 검토; 최신공고·완전실행식·실제선정 정답 검증은 아님
184,WLF00006247,산재근로자 대체인력지원,고용노동부 산재보상정책과,사업주,기관·사업주 지원 경로 중심,산재근로자요양중대체인력30일고용 AND 원직장복귀30일유지 AND 규모·장해/요양기간조건,직접대응 없음,기관·기업 자료; 직역·사업장·경력·구직; 가입·이용·사건 이력; 의료·피해·필요성·의사; 정확한 기준시점·기간,원문50일은 인원단위오류 의심; 임의50인 확정 금지,상시 근로자 50일 미만이라고 기재되어 인원 단위 오류가 의심됨.,요약구조화; 완전 실행식 미작성,"공단 설명에서는 재해월말 상시근로자50인 미만으로 제시한다. 원문50일의 단위오류 보정 근거이며, 해당 자료만으로2026년 전체 요건을 확정하지 않는다.",근로복지공단 희망나무 대체인력지원금,https://webzine.comwel.or.kr/vol137/sub02.html,2026.0,False,상시 근로자 50일 미만,https://www.bokjiro.go.kr/ssis-tbu/twataa/wlfareInfo/moveTWAT52011M.do?wlfareInfoId=WLF00006247&wlfareInfoReldBztpCd=01,수집된 원문의 조건 검토; 최신공고·완전실행식·실제선정 정답 검증은 아님
189,WLF00001075,장애학생 정보격차 해소 지원,교육부 디지털교육지원과,교사·학생,추가정보·세부조건 확인 필요,교사등 콘텐츠이용 / 학생은 특수교육 진단평가선정,학교급·재학상태; 장애인복지카드 소유 응답,직역·사업장·경력·구직; 상세 학적·학업; 장애 유형·정도·법정 판정; 기관 판단·상세 공고,지원대상 교사와 선정기준 학생의 주체가 다름; 본문경로 추가명료화 필요,"지원대상은 교사, 선정기준은 학생 특수교육판정. 프로그램별 주체·절차 명료화 필요.",요약구조화; 완전 실행식 미작성,,,,2026.0,False,특수학교 및 특수학급 교사,https://www.bokjiro.go.kr/ssis-tbu/twataa/wlfareInfo/moveTWAT52011M.do?wlfareInfoId=WLF00001075&wlfareInfoReldBztpCd=01,수집된 원문의 조건 검토; 최신공고·완전실행식·실제선정 정답 검증은 아님
204,WLF00003173,장애인스포츠강좌이용권 지원,문화체육관광부 장애인체육과,본인,추가정보·세부조건 확인 필요,5~69세등록장애 AND NOT 스포츠이용권중복; 저소득·유청소년 우선,연령; 장애인복지카드 소유 응답,장애 유형·정도·법정 판정; 법정 급여·보호 자격; 가입·이용·사건 이력; 기관 판단·상세 공고,선정문장에 저소득층 지원과 소득무관 동시 기재; 최신공고 확인 전 잠금,선정기준에 저소득층 장애인을 지원과 소득무관이 함께 기재되어 필수/우선 관계 확인 필요.,요약구조화; 완전 실행식 미작성,2026 정부 정책안내는5~69세 장애인에 소득무관으로 설명한다. 저소득을 전체 필수요건으로 강제하지 않는다. 지방자치단체의 선정순위·등록증빙은 별도.,정부 2026 K-희망사다리 정책 안내,https://gonggam.korea.kr/gonggamWeb/publication/pdf/2026_K_ladder_of_hope.pdf,2026.0,False,소득무관,https://www.bokjiro.go.kr/ssis-tbu/twataa/wlfareInfo/moveTWAT52011M.do?wlfareInfoId=WLF00003173&wlfareInfoReldBztpCd=01,수집된 원문의 조건 검토; 최신공고·완전실행식·실제선정 정답 검증은 아님
261,WLF00001071,우수학생 국가장학금 지원,과학기술정보통신부 미래인재양성과,학생,추가정보·세부조건 확인 필요,장학유형별 이공계학과·학년·전일제 AND 성적학점/연구평가·선발,학교급·재학상태,상세 학적·학업; 가입·이용·사건 이력; 기관 판단·상세 공고; 정확한 기준시점·기간,원문2024선발기준 잔존; 최신연도와 혼용해 자동선발 금지,2024년 선발 학년·성적기준이 남아 있어 현재 적용연도 공고와 대조 필요.,요약구조화; 완전 실행식 미작성,,,,2026.0,False,23~'24년,https://www.bokjiro.go.kr/ssis-tbu/twataa/wlfareInfo/moveTWAT52011M.do?wlfareInfoId=WLF00001071&wlfareInfoReldBztpCd=01,수집된 원문의 조건 검토; 최신공고·완전실행식·실제선정 정답 검증은 아님
266,WLF00001183,다문화보육료지원,교육부 영유아재정과,자녀·가구,추가정보·세부조건 확인 필요,다문화가족 미취학0~5세 AND 부모국적결합/동일세대예외 AND NOT 결혼이민제외사유,가구주관계·혼인·일부 자녀 응답,이주배경·체류·특별신분; 가족·자녀·임신출산·양육; 상세 학적·학업; 가입·이용·사건 이력; 정확한 기준시점·기간,2026본문에2014취학유예 출생연도 잔존; 최신공고와 대조 전 잠금,2026년 지원내용과2014년생 취학유예 사례가 함께 기재되어 출생연도 갱신 확인 필요.,요약구조화; 완전 실행식 미작성,2026 일반보육 연령표의 취학유예 대상은2019년생으로 제시된다. 다문화보육은 어린이집 이용 조건도 필요하다. 원문2014년생 사례를2026년 확정조건으로 사용하지 않는다.,찾기쉬운 생활법령정보 2026 보육사업안내 인용,https://easylaw.go.kr/CSP/CnpClsMain.laf?ccfNo=2&cciNo=3&cnpClsNo=1&csmSeq=626&popMenu=ov,2026.0,False,2014.1.1~12.31일생,https://www.bokjiro.go.kr/ssis-tbu/twataa/wlfareInfo/moveTWAT52011M.do?wlfareInfoId=WLF00001183&wlfareInfoReldBztpCd=01,수집된 원문의 조건 검토; 최신공고·완전실행식·실제선정 정답 검증은 아님
