번호|주체|조건구조요약|대응변수코드|부족정보코드|근거구절|정정및주의
1|본인|보호종료5년이내 AND 연속보호2년 AND (18세이후종료 OR 15세이후조기종료특례 OR 심의예외)|A|H,T,R|보호종료 5년 이내|현재 청년나이만으로 보호종료 이력을 대체하지 않음
2|가구|무주택세대주 AND 순자산5.11억원이하 AND 유형별 부부합산 연소득상한|I,Hh|I,V,F|순자산가액|일반6000만원·최초/2자녀7000만원·신혼8500만원·출산1.3억/맞벌이2억원 분리
3|본인|다문화가족청소년 OR 탈북청소년 OR 중도입국청소년 등|A,N|M|이주배경청소년|국적만으로 다문화·탈북·중도입국을 판정하지 않음
4|자녀|언어평가/교육필요 AND 다문화자녀 AND (12세이하 OR 초등재학)|A,S|M,F,C|언어평가 및 언어교육|수급·52%소득·가족유형은 우선순위이며 일괄 필수조건 아님
5|자녀·가구|18세미만 중증등록장애아동 양육 AND NOT 유사돌봄중복|A|D,F,H|소득 초과 가정|120%초과는 일괄 탈락이 아니라 본인부담40%; 선정후18세 예외
6|본인|심리상담필요 AND (기관의뢰 OR 의료기관소견 OR PHQ9>=10 OR 보호아동자격 OR 의원연계 OR 재난피해경로)|-|C,H,R,T|아래 기준 중 하나|의뢰3개월·검진1년·피해5년을 경로별로 유지
7|본인|자활참여이력 AND 민간취창업 AND 생계급여탈수급 AND 6개월/1년경과|E|K,H,T|모두 충족시|재직 여부만으로 자활·탈수급·기간을 대체하지 않음
8|본인·돌봄가족|청중장년13~64 AND 돌봄필요 AND 가족돌봄불가 / 가족돌봄청년9~39 AND 동거가족돌봄필요 AND 직접돌봄또는부양경제활동|A,E,Hh|C,F,R|위 세가지 조건을 모두|두 경로를 OR로 유지하고 각 경로 내부는 AND
9|본인·청년가구·원가구|19~34 독립무주택청년 AND 청년가구60%/재산1.22억 AND (원가구100%/재산4.7억 OR 원가구심사면제) AND NOT 제외사유|A,I,Hh|I,V,F,H,T,R|원가구 소득 미고려|임대관계·공공임대·중복수혜·신청기간·정원 별도; 최대소득100%로 합치지 않음
10|자녀|0~23개월 AND 아동국적/난민/특별기여경로 AND 주민등록/전산번호/출생등록예외|-|F,M,T|부모가 모두 외국인이라도|부모 연령·국적 대입 금지; 수집본문 출생연도 기준 별도
11|자녀|2024년이후출생 AND 출생신고·정상주민번호 AND 생년월일부터2년미초과|-|F,T|출생신고되어|만13세이상 응답자의 나이를 신생아 나이로 대체하지 않음
12|산모·배우자·신생아|국내등록출산가정 AND (수급/차상위 OR 건보료150% OR 지자체예외)|N,I|F,M,K,I,R|별도의 기준|부부외국인 비자F2/F5/F6; 150%를 모든 경로의 절대상한으로 쓰지 않음
13|본인|등록지적/자폐장애 AND (6~17세 OR 18세이상재학생선택경로) AND 중복이용금지|A,S|D,H,T|만 18세 이상의 재학생|18세를 정책 전체 상한으로 만들지 않음
14|자녀|9세미만 AND 아동국적/난민/특별기여 AND 주민번호/전산번호·거주예외|-|F,M,T|만 9세미만|수집 원문의9세 기준을 보존; 최신 시행기준 확인 전 임의8세로 수정 금지
15|아동|12세이하 초등취학 AND (법정저소득경로 OR 장애경로) AND 어린이집방과후4시간이상|-|K,D,F,H|일일 4시간 이상|시설동반자녀 등 저소득 인정경로 보존; 방학8시간은 추가지원
16|본인|생계/의료/주거급여 중 하나 AND 출산 또는 출산예정|-|K,F|출산예정 포함|교육급여만 수급하는 경우와 구분
17|부모·가구|양육부모24세이하 AND 한부모 AND 소득65%이하|A,I|F,K,I|72% 이하(비급여)|증명서72%와 급여65% 구분
18|자녀·가구|초중고재학 AND 법정한부모보호대상 AND 소득인정액63%이하|S,I|K,F,I|소득인정액|단순 가구원2명 또는 사별·이혼만으로 법정한부모 생성 금지
19|학생·가구|초중고학생 AND (저소득자격 OR 교육청소득기준 OR 학교장추천 OR 난민추천) AND NOT 타학비중복등|S,I|K,I,R,M,H|학교장 추천|교육청별 지원범위·소득기준; 부모 직장학비 보조는 제외조건
20|학생·가구|해당학교입학/재학 AND 교육급여수급/소득인정액50%경로 또는 의사상자자녀 법정경로|S,I|K,I,F,R|의사상자의 자녀|부양의무자 기준 미적용; 특수·각종·평생교육시설 범위 확인
21|본인·가구|65세미만 AND 소득70% AND 간병필요 AND (중증장애 OR 중증/희귀질환 OR 법정가구 OR 퇴원사례관리 OR 지자체인정) AND NOT 중복/시설/입원|A,I|I,C,D,K,F,H,R|가사·간병 서비스|소년소녀·한부모·조손 경로의 수혜자는 자녀/손자녀
22|자녀·부모·가구|한부모/조손저소득가구 AND 급여별 아동연령·재학·시설·부모연령경로|A,S,I|F,K,I,H|추가아동양육비|부모25~34/35이상과 자녀5세이하/18세미만/재학생22세미만 분리
23|아동|미취학장애아동 기본경로 OR 특수교육/의사진단/질병취학유예/휴학예외 AND 보육이용·중복제한|-|D,C,F,Sx,H|의사진단서를 제출|카드소유만 필수로 고정하면 진단서 대체경로 누락; 소득무관
24|자녀|유치원3~5세반/조기입학/취학유예 AND 국적예외검토 AND NOT 중복/31일해외체류|-|F,M,Sx,H,T|온라인 신청은 부모만|온라인 신청주체와 실제수혜유아 분리; 저소득은 추가지원
25|학생|초중고재학 AND (우선저소득 OR 교육청소득선정 OR 학교장추천 OR 난민등기타)|S,I|K,I,R,M,F|3순위|100%는 교육청 조정 가능; 저소득만 전체필수로 고정하지 않음
26|영아·가구|2세미만 AND (수급/차상위/법정한부모 OR 소득100%장애가구 OR 소득100%다자녀) / 조제분유는 추가보호·입양·모유불가경로|-|F,K,I,D,C,H|조제분유 지원대상|기저귀와 분유 조건 분리; 부/모/영아 중 장애 한 명의 주체 구분
27|부모·보호자|등록발달장애자녀 또는 9세미만소견대체 AND 부모/동거2촌보호자 AND NOT 유사서비스등|-|D,F,C,H,M|부모 및 보호자|부모 본인 장애 필수 아님; 영유아 진단서 대체 허용
28|본인·가구|신청월기준15~39세특례 AND 근로사업소득월10만원이상 AND 가구소득인정액50%이하|A,E,I|I,T|근로·사업소득|월가구소득구간을 개인근로소득 또는 인정액으로 대체하지 않음
29|본인|의료급여수급권 AND (질병부상출산요양 OR 투석 OR 당뇨 OR 도뇨 OR 산소/호흡/기침/양압기) AND 경로별처방·구매증빙|-|K,C,H|당뇨병 소모성 재료|모든 수혜자를 임산부·여성으로 제한하지 않음
30|본인·가구|19세이상등록장애 AND 소득인정액50%초과100%이하 AND 여신심사통과|A,I|D,I,V,R|50% 초과 100% 이하|50%이하는 다른 대출상품 안내이며 본 사업 상한과 합치지 않음
31|자녀·가구|유형별3개월~12세/36개월(미숙아40개월) AND 양육공백 AND 중복제한; 정부지원율은 건보료250%구간별|-|F,C,I,H|건강보험료 본인부담금|본문 번호누락 표시; 부모취업만으로 양육공백 확정 금지
32|자녀·부모조부모|12세미만비장애아동 AND 한쪽부모/조부모가 지정유형등록장애 AND 소득120%|-|F,D,I|한쪽부모 및 조손가정|자녀와 부모 장애 방향 반대; 가구주 장애로 대체 금지
33|본인|등록여성장애 AND 2026출산/유산사산16주이상 또는 법정예외; 전년도미수급 예산특례|G|D,F,C,H,T|2025년 지원대상자|해산급여·첫만남 중복가능; 임의19~49 연령 제한 금지
34|본인|18세이상등록비중증 AND (수급 OR 차상위) AND NOT 18~20초중등재학휴학|A,S|D,K,I,T|18~20세|월말연령·특수학교 범위 미확인 보존; 전체상한20세 제거
35|아동|18세미만 AND (시설/위탁등보호 OR 수급차상위 OR 기존가입후가정복귀/탈수급계속지원)|A|F,K,H|기 가입 아동|수급여부가 바뀌어도 계속지원 경로 있음
36|자녀|24개월이상86개월미만 미취학 AND 가정양육 AND NOT 어린이집/유치원/종일아이돌봄|-|F,Sx,H,T|소득 수준에 상관없이|소득필수 없음; 변경신청일15일 경계는 지급시점 조건
37|자녀|해당출생연도0~5세반 AND 어린이집이용 AND 지원신청; 누리과정3년상한·취학유예 별도|-|F,Sx,H,T|어린이집을 이용하는|연령태그로 부모연령 추출 금지; 신청일/입소일 별도
38|학생·가구|초중고학생 AND (수급 OR 법정한부모 OR 차상위) AND 교육청별기준 AND NOT PC/인터넷중복|S|K,F,H,R|1세대 1자녀|형제중복·과거지원·시도별학년 범위 확인
39|본인|등록장애 AND (수급 OR 차상위) AND (18세미만 OR 18~20재학휴학 AND 연금비수급)|A,S|D,K,I,H,T|18세 미만|장애수당과 반대인 학생예외를 분리; 월말생일 필요
40|아동|18세미만 AND 소득180%이하 AND (지정6유형등록장애 OR 9세미만의뢰/검사대체)|A|D,C,I,F|9세 미만|시각장애 재활필요성 별도; 등록장애만 일괄필수 금지
41|가족구성원|한국어교육:입국5년이하결혼이민/중도입국 또는 예외 / 부모교육:단계별1회 / 자녀생활:3~12세다문화자녀|A,N|M,F,I,H,T|무상지원 대상자|150%는 무료/본인부담 구분; 모든서비스 이용상한으로 쓰지 않음
42|본인|의료급여1종 AND (18세미만 OR 지정질환산정특례 OR 선택기관 OR 20세미만재학 OR 임신 OR 가정간호 등)|A,S|K,C,H,T|1종 수급권자|각 경로의 검사·진료기관·제출·면제기간을 분리
43|가구·기관|수급 OR 차상위 OR 3자녀/손자녀 OR 중증장애 OR 지정보훈 OR 관련시설|-|K,F,D,B,U,O|위탁아동의 수|소득50% 단독으로 법정자격 대체 금지; 위탁·분리세대 예외 포함
44|본인·사업장|중소기업 재직근로자 AND 해당기업 점심식대지급|E|J|점심 식대를 지급|모든 취업자를 대상으로 확대 금지
45|일반안내|가족정책정보·초기상담 일반안내; 별도 선정기준 없음|-|-|별도 선정기준 없음|심화상담 연계·지원금 수급은 별도; 기존 모델B 안내 유지
46|본인·가구|19~34(병역최대6년보정) AND 국내거주 AND 유형별개인소득/매출·가구소득 AND 금융소득요건|A,I,N|I,V,J,H,T|병역이행기간|일반형200%와 우대형150%, 개인7500/3600만원·매출3억/1억원 분리
47|본인·가구|중위소득125%이하국민등 AND 법률구조 상세지원대상 확인|I,N|I,C,R|상세 지원기준|안내문에서 참조한 공단 세부기준 미수집; 무료상담과 구분
48|본인·자녀·노부모|교통사고사망/중증후유장애1~4급 AND 수급/차상위 AND (피해본인 OR 미성년자녀학생예외 OR 65이상피부양부모)|A,S|C,D,K,F,H|피부양 노부모|수혜자별 나이·부양조건 달라 단일19~34태그 불가
49|자녀|2026년4~5세 AND 유치원/어린이집재원|-|F,Sx,T|재원 중인|가구주연령·자녀유무로 재원아동을 확정하지 않음
50|기관·기업|사회적/예비사회적기업 AND 자치단체심사선정|-|O,R|선정된 기업|개인별 수급정책수 계산에서 분리
51|본인|지정질환확진 AND 산정특례등록기준 AND 의사신청서 AND 건강보험가입/피부양|-|C,H,R|확진받아 등록기준|일반질병 또는 장애카드와 동일하지 않음
52|아동|15세이하 AND 입원진료; 2세미만면제/그외5%본인부담|A|C,F,H|입원진료비 본인부담금|지원대상 연령만 읽으면 입원사건 조건 누락; 지원내용도 반영
53|본인·가족|전국민 일반접근 안내 / 고위험상담·치료연계·유족지원은 해당필요/유족조건|-|C,F,R|자살고위험군|일반안내와 치료비 자격 구분
54|본인|취약계층 등 법률구조필요 AND 지원대상 확인|E,I|K,C,R|지원 대상 여부 확인|임금체불·농어민·수급/차상위는 예시이며 전체 AND 아님
55|가구|안부확인필요위기가구 AND NOT 공적돌봄수혜; 집중관리우선|Hh,A|C,F,H,R|공적 돌봄서비스 수혜자 제외|1인가구만으로 위기가구 인정하지 않음
56|본인·사업장|도산결정 AND 퇴직근로자 / 판결또는체불확인 AND (퇴직 OR 최저임금110%미만재직)|E|J,H,I,R,T|퇴직 근로자|미취업을 모두 탈락시키지 않음; 도산/간이 분리
57|가구|생계급여수급 AND (임산부 OR 34세이하가구원); 시설수급·영양플러스는 산정가구원제외|A|K,F,H|생계급여 수급가구|32%소득만으로 생계급여 자격 추정 금지
58|본인|경남주민등록90일연속 AND 신용하위20% AND 개인연소득3500만원이하 AND NOT 체납/잔액등|L,I|L,T,V,I,H|90일 이상 연속|시도코드로 거주기간을 대체하지 않음
59|본인|발달장애 AND 근로자|E|D|발달장애 근로자|카드소유만으로 발달장애유형 확인 불가
60|학생|참여전문대재학 AND 취업역량우수 AND (직전12학점/백분위80 OR 신입평가)|S|Sx,R|직전 학기 12학점|일반 재학상태와 학년·학점·성적 분리
61|본인|다문화/탈북/장애/농업인/청소년 등 대상별 법교육프로그램|A,S,E|M,D,J,R|맞춤형, 체험형|청소년 경로에도 수치연령·프로그램 이용범위는 본문 미명시
62|본인·가구|일반/청년/신혼/다자녀/소년소녀경로별 무주택·소득·자산·순위|A,S,I,Hh|V,I,F,K,M,H,L,R|무주택세대구성원|도시근로자소득과 중위소득 구분; 다른 세대 배우자 자산도 필요
63|본인|등록증보유합법외국인 OR 국적취득3년미경과귀화/판정/회복자|N|M,T,H|3년이 경과하지|현재국적=한국도 대상 가능; 외국국적만으로 합법체류 확정 불가
64|본인|강요/중독악용/미성년등알선/인신매매 중 법정성매매피해경로|-|C,R|성매매피해자|일반청년 또는 여성만으로 피해자격 추정 금지
65|본인|채무곤란·회생파산희망 AND 공단상담결과 제도이용적정|I|V,C,R|상담 결과|소득구간만으로 파산적정성 예측하지 않음
66|본인|법률상담필요 AND 국민|N|C|법률 상담이 필요한|전국민이라는 표현이 상담필요성 관측을 의미하지 않음
67|본인|보호종료5년이내 OR 보호연장아동 또는 조기종료특례|A|H,T|보호종료 5년이내|시설명에 기관운영이 있어도 직접대상은 청년; 기관전용으로 분류 금지
68|학생|직업계고재학생|S|Sx|직업계고 재학생|고교학력·재학코드로 직업계 여부 확인 불가
69|본인|직업계고졸업 AND 진로미결정|S,E|Sx,C,H|진로미결정|미취업과 진로미결정은 다름
70|아동·가족|미성년양육대상 AND 부양의무자없음/예외; 19세후재학계속지원|-|F,B,H,R|부양의무자가 없어야|보훈대상 범위는 외부 양로지원 참조; 노년연령을 아동상한에 사용 금지
71|본인·유족|환경피해 AND 미배상사유 AND 인과관계·위원회결정 AND NOT 사업자/업무피해|-|C,V,R|인과관계 판단기준|피해사실과 행정인정은 별개
72|본인|성착취피해시설입소당시19미만 AND 퇴소19이상 AND 연속보호1년 AND 2026퇴소 AND NOT 제외사유|A|C,H,T,R|입소 당시 19세 미만|현재나이를 입소·퇴소당시나이로 대체 금지
73|영아|건강보험자격 AND (임신37주미만 OR 출생체중2500g이하)|-|F,C,H|출생체중|현재체중·만연령과 출생정보 구분
74|본인·기업|장애인예비창업자 OR 창업7년미만장애인기업|E|D,O,J,T|창업 7년 미만|현재자영업만으로 창업기간·법정기업 확인 불가
75|가구|무주택세대 AND 면적별도시근로자소득50/70/100% AND 자산·차량; 특별유형우선|I,Hh|V,I,F,L,R|면적에 따라 상이|보훈·다자녀·장애는 우선공급 경로; 전체필수 아님
76|본인·가구|대학생/청년/신혼/한부모/고령/주거급여/산단/창업등 경로별 무주택·소득·자산|A,S,E,I|V,I,F,K,J,H,R|입주자 모집공고일|청년19~39 외 사회초년·퇴직예외; 유형마다소득의 주체가 다름
77|가구|일반공급유형별 조건 / 우선공급유형별 조건; 각 소득·무주택·자산 별도|A,I,Hh|V,I,F,K,B,M,R|일반공급|일반150%와 우선100%를 하나의소득상한으로 합치지 않음
78|가구|모집지역거주 AND 무주택세대 AND 공급유형·면적별 소득/자산기준|L,I|L,V,I,F,H,R|그 외 주택|일부유형 소득/자산 무기준이므로 전체상한 적용 금지
79|본인·가구|기금월세대출대상 AND 보증금1억원/월세60만원이하 AND NOT 보증제한사유|Hh,I|V,H,R|보증거절등급자|거주형태로 임대계약금액·여신자격 대체 금지
80|본인|419혁명참가 AND 건국포장 AND NOT 혁명사망/상이자|-|B,H|건국포장을 받은|노년태그는 연령자격이 아님
81|본인|장애정도판정기준 충족 후 장애등록증발급|-|D,C,R|장애정도판정기준|등록신청 서비스에서 이미등록장애만 필수로 만들면 신규신청 누락
82|본인|지정 보훈대상/상이등급 AND 친환경차량 지원범위|-|B,V,H|국가유공상이자|카드소유와 보훈상이등급 다른 체계
83|본인·사업장|난임치료휴가사용 AND 우선지원기업근로자 AND 보험180일 AND 신청기간|E,G|J,C,H,T|남녀 근로자|여성만 또는 임신여부만으로 제한하지 않음
84|본인·유가족|법정보훈대상본인 OR 유가족|-|B,F|본인 및 유가족|연령태그로 보훈자격 대체 금지
85|일반안내|모든주민 원격상담안내; 별도 지원요건 없음|-|-|별도의 지원대상, 지원요건은 없으며|성인19세 하한 제거; 방문일정은 별도
86|본인|맞춤금융상품 탐색희망 / 개별연계상품은 각각의 소득·신용요건|I|C,V,I,R|연계 금융상품별|알선안내와 실제대출 승인 구분
87|본인|정신질환치료필요 AND (응급행정입원 OR 초발/외래치료 OR 지정코드진단5년 OR 정신응급센터)|-|C,H,T,R|진단(F20|정신건강 주관응답을 질병코드·진단일로 대체 금지
88|본인·사업장|근로자/특고/산재가입1인사업자 AND 재직/가입3개월 AND 개인월소득기준|E,I|J,H,I,T,R|은행에서 판단|고용인없는 사업자 요건과3인가구중위소득 비교기준 분리
89|본인·아동·생부|임신중/분만6개월미만 위기임산부 OR 보호출산산모/아동/생부|-|F,C,H,T|연령, 혼인여부, 소득 관계 없음|청년여성으로 일괄연령·성별 제한 금지
90|학생·근로자|국적 AND 최종고졸(전문학사예외) AND 대상대학재학·성적·재직요건; 나이는 선발점수|N,S,E|Sx,J,R,H|연령(30점)|청년가점=청년전용 아님;54세 점수기준을 상한으로 추출 금지
91|본인|지정의학사유영구불임예상 AND 한국국적/주민등록 AND 건강보험; 재외·말소제외|N|C,M,H|의학적 사유|임신 또는 특정성별을 필수로 고정하지 않음
92|본인·아동|어린이17종 / 65세이상폐렴 / HPV성별·출생연도·저소득 / 고위험 / 임신등독감코로나 경로|A,G|C,K,F,H,T|2013년 1월 1일|연령·출생연도·2025~26사업기간 혼재; 접종종류·이력 별도
93|본인·기관|생계의료수급 OR 등록장애 OR 지정보훈 OR 지정시설단체 AND 감면대상통신계약|-|K,D,B,U,O|생계, 의료급여|개인과기관경로 분리; 교육/주거급여만으로 생계의료경로 충족 아님
94|본인·사업장|시범지역거주 또는 사업장 AND 15~64국적예외 AND 보험/사업요건 AND 상병무급기간 AND NOT 중복; 의료심사|A,L,E,N|L,J,H,C,I,R,T|시범사업 지역 소재 사업장|종료지역·중복기재 지역 있어 현재공고 확인 필요; 시도만으로 시군구 판정 불가
95|위탁가정·아동|위기분리/전문보호아동 AND 위탁가정공통기준 AND (위탁경력3년 OR 전문자격)|-|F,H,C,J,R|전문위탁부모 자격|아동 장애를 보호자 장애로 코딩하지 않음
96|위탁가정·아동|위기/전문위탁 책정 AND 전문위탁부모요건 AND 최초1회|-|F,H,C,J,R|최초 1회|아동용품지원 대상선정이력과 과거지급 확인
97|학생·학교|취약자격 중 하나 AND 종합교육필요 학교장인정 AND 사업학교|S|K,M,D,F,Sx,R|사업학교의 장이 인정|학교선정 수치40명은 개인가구원수 아님
98|학생|유치원/초중고학생 AND (다문화가정 OR 탈북)|S|M,F,Sx|다문화 가정의 학생|이주배경 주체와 학교급별조건 구분
99|학생|초중등학교재학 AND 탈북학생|S|M|탈북학생|현재국적으로 탈북여부 생성 금지
100|본인|15세후조기보호종료특례 OR 18세후보호종료|A|H,T|보호가 조기 종료|신청현재나이와 종료당시나이 분리
101|본인·사업장|(재직 OR 퇴직6개월이내 OR 건설일용특례) AND 체불기간금액 AND NOT 신용제외|E|J,H,I,T|6개월 이내에 퇴직|취업필수 단일변수 제거; 체불사실 별도
102|본인·유족|지정보훈 AND (65이상거동불편·독거노인부부·생활요건 OR 65미만퇴원/가정간호) 및 특례|A,Hh|B,C,F,I,K,H|65세 미만일지라도|65세 미만 전체제외 금지; 애국지사·상이1급 생활기준면제
103|본인|북한이탈주민 보호결정/법정비보호특례 AND 하나원주택배정절차|-|M,H,R,L|보호결정된 자|국적·현거주지로 보호결정 또는 희망지역 확인 불가
104|가구·일반안내|가족상담은 모든가족 / 사례관리·긴급지원은 필요성·위기판정|Hh,I|C,F,R,I|가족상담의 경우 모든 가족|100%이하는 우선지원 가능기준; 일반상담과 현금/긴급서비스 구분
105|본인·교사·양육자|아동청소년/교사/양육자등 대상별성교육프로그램|A,S|F,J,R|교사, 양육자 등 일반 국민|성인 일반프로그램 존재; 청소년전용 및 자녀필수로 고정 금지
106|본인·가구|지정보훈상이등급 AND 본인/동일세대가족명의 비사업용LPG차량1대|-|B,V,F,H|비사업용 차량 중 1대|가족명의 예외·차량연료·차량수 별도
107|본인·시설|법정장애 AND 직업재활시설소속 AND 최저임금적용제외인가|E|D,J,H,R|최저임금 적용제외|저임금 일반장애근로자와 구분
108|본인·자녀|탈북본인/자녀 AND 대상학교; 대학유형별·성적·이전학위·지원기간제외|S|M,F,Sx,H,T|북한이탈주민의 자녀|탈북본인과 자녀의 학교범위 다름
109|본인·자녀|탈북청소년 또는 제3국출생탈북민자녀|A,N|M,F|제3국 출생|출생국가/부모탈북여부 미관측
110|본인|51세이상여성 AND 등록/확인서어업인 AND 영위증빙·지자체선정 AND NOT 농업검진대상|A,G,E|J,H,R|어업인 확인서|산업A는 농림어업통합으로 여성어업인 증빙 대체 불가
111|본인|정책서민금융상품이용 OR 업무협약기관이용|-|H|업무협약기관|일반저소득 여부보다 상품·기관 이용이력 필요
112|사업자·예비창업자|연소득4500만원이하 AND 신용하위20% AND 서민금융상품이용 AND 자영업/창업예정|E,I|I,V,J,H|창업예정자|현재자영업 미해당만으로 예비창업경로 제외 금지
113|본인|신용하위20% AND 신용카드미보유 AND 연가처분600만원이상 AND 필수교육; 채무조정성실상환예외|I|V,I,H,T|개인신용카드를 미 보유|소득상한 아니라 하한; 2026년4월 신용평점기준 별도
114|본인|소득증빙 AND (연소득3500만원경로 OR 신용하위20% AND 연소득4500만원이하); 성실상환예외|I|I,V,H|연소득 3천5백만원 이거나|원문 첫 경로에 이하가 빠짐: 추정으로 부등호를 확정하지 않음
115|본인|신용하위20% AND 연소득3500만원이하; 채무조정성실상환6개월예외|I|V,I,H,T|개인신용평점 하위 20%|가구소득을 개인연소득으로 대체 금지
116|사업자|개인사업 AND 신용하위50% AND 연가처분600만원이상 AND (필수교육 OR 컨설팅이수)|E,I|J,V,I,H|개인사업자를 대상으로|가처분소득 하한과 신용상한을 분리
117|사업자|사업자대출119/119Plus이용 AND 신청일연체없음 AND 연매출3억원이하|E|J,V,I,H,T|대출 신청일 현재 연체|자영업자라서 모두 받을 수 있는 대출 아님
118|본인|서민금융이용/취약자격/청년대학생/고령/장병 등 프로그램별대상|A,S|H,K,M,D,J,R|금융교육|나이태그만으로 프로그램세부 대상·신청범위 확정 금지
119|학생|한국국적 AND 참여대학해당학년 AND 취창업의지·성적평가 AND 대학추천·재단심사|N,S|Sx,C,R|재단 심사 후 최종 선발|저소득은 우대만 허용; 의무소득상한 만들지 않음
120|본인·사업자|(차상위이하 OR 신용하위20% OR 근로장려금자격) AND 금융취약·상품별대상 AND NOT 연체회생제외|A,E,I|K,V,I,J,H,R|지원제외대상|청년·사회초년·창업기간 경로를 전체연령상한에 병합하지 않음
121|본인|신용하위20% AND 개인연소득3500만원이하 AND (교육이수 OR 복지멤버십) AND NOT 체납등|I|V,I,H|금융교육 이수 또는|교육과 멤버십은 대체경로
122|가구|수급/차상위/독거65이상/장애등 유형별 연탄쿠폰대상; 원문 구기준 재확인|A,Hh,I|K,D,F,I,U,R|최저생계비의 120%|중위소득과 구 최저생계비 기준 혼재; 연탄사용 확인도 상세지침 필요
123|본인·가구|5~18세 AND (수급/차상위/법정한부모 OR 경찰추천범죄피해); 누적지원기간별선발|A|K,F,C,H,R|누적 지원기간|우선순위와 필수연령·자격을 구분
124|본인|퇴소5년이내 AND 18세이후퇴소 AND 과거3년중2년보호·직전6개월연속; 자립지원관특례|A|H,T|과거 3년 동안 2년|현재나이와 보호·퇴소이력 분리
125|본인|20세미만 AND 성매매피해 AND 통보/유관기관연계|A|C,H,R|주민등록상 20세 미만|전체 청소년 대상 아님
126|양육자|미성년자녀직접양육 한부모/조손/실질양육자 또는 재학생22미만·군복무예외|-|F,H,T|증명서가 발급되지 않는|법정한부모증명 불필요 경로; 소득·재산 제한 없음
127|학생|초4~중3 AND 방과후돌봄필요 AND (취약우선 OR 추천·협의회승인)|S|Sx,C,F,K,R|지원협의회|학교급만으로 학년·돌봄필요 확인 불가
128|아동|가정위탁보호결정 OR 연장보호 OR 일시위탁|-|F,H,R|보호아동으로 결정된|자녀관계·가구원수로 위탁행정결정 추정 금지
129|본인·가족|영주귀국사할린한인1세 및 배우자·자녀와배우자 법정범위|N|M,F,H,T|2024.7.17.|개정전 직계비속1인과 개정후 자녀범위 버전 구분
130|본인·가구|(비정규보험가입 OR 전직실업 OR 무급휴직 OR 자영업보험가입) AND 140시간이상훈련 AND 유형별소득80/100/120%|E,I|J,H,I,T|총 140시간 이상|실업급여수급 제외; 소득120%로 모든경로 통합 금지
131|가구·수상기|지정수급/보훈/시청각장애 OR 압류/질권/휴업/전력량/난시청등 수상기별면제|-|K,B,D,U,H,L|월 50킬로와트 미만|법정자격 없는 대체경로도 존재; TV·전기계약이 판정단위
132|본인|75세미만국민 AND NOT 공무원/교직원/학년·잔여학기/매출·임금등제외|A,N,S,E,I|J,Sx,I,H|75세 미만|제외목록을 학생·자영업 필수조건으로 뒤집지 않음
133|본인·자녀·농업경영체|법인아닌등록농업인·5ha미만 AND (본인/대상자녀사고질병 OR 중증치료 OR 감염격리 OR 교육참여)|E|J,F,C,H,T|농지 경작면적 5ha미만|안전교육 대체경로·자녀출생연도·지원인원한도 분리
134|학생·학교|초중등학생 AND (수급/차상위/법정한부모/특수교육/교육비/보훈자녀 OR 확대선정시도) AND NOT 우유바우처지역|S,L|K,D,B,F,Sx,L,R,H|공모를 통해 선정된|학생에게 모든 저소득조건 AND로 요구하지 않음
135|본인·가족|보훈요양원입소 AND 지정보훈가족 AND (생활곤란소득100% OR 조사면제특례)|I|B,F,C,H,I,K|보훈요양원 입소자|시설입소 사실과 보훈가족관계 미관측
136|본인·가족|지정보훈가족 AND 장기요양등급 AND 급여이용 AND (생활곤란 OR 조사면제)|A,I|B,F,C,H,I,K|요양등급(1~5등급|단순65세 이상만으로 요양등급 부여 금지
137|본인|18세이상등록장애미취업 AND NOT 보험직장/사업자/중복참여등 제외; 종료예정·반복참여예외|A,E|D,J,H,R,T|근로종료일이|신청현재취업자라도 시작전종료 예외; 사업자등록과 지난주경제활동 구분
138|기관·개인이용|장애인건강검진기관 지정지원 / 장애인·거동불편노인등 이용안내|A|O,C,H,R|기관 중 장애인 건강검진 기관|기관보조금과 이용자 건강검진 자격 별도
139|사업주|사업적용1년이상 AND 60세이상장기보험근로자수의 분기평균증가|-|O,J,H,T|수가 증가하는 사업주|개인 노년정책수에 사업주지원금을 넣지 않음
140|본인·가족|실종당시18미만 또는 지적/자폐/정신장애실종 AND 신고연계|-|C,D,F,H,T|실종당시 18세 미만|현재나이와 실종당시나이 분리
141|아동|학대피해 AND 현장조사결과 격리보호필요|-|C,H,R|격리보호가 필요|제목에 설치운영이 있어도 본문 이용아동 조건 따로 존재
142|가구|수급/차상위 OR 5인가구 OR 3자녀손자녀 OR 지정장애/보훈 AND 대상전기계약|Hh|K,F,D,B,U|가구원수가 5인 이상|사회조사4인이상으로 5인 확정 불가; 구 장애등급 표현 별도확인
143|본인|신규등록필요수급 OR 재판정수급차상위 OR 직권재판정일반; 조정/이의신청제외|-|D,K,C,H,R|직권 재판정|신규신청자는 미등록 가능; 저소득도 전체경로 필수 아님
144|본인|형사/보호처분 AND (출소18이상 OR 위기청소년15이상) AND NOT 재참여/취업/학업등제외 AND 취업의사|A,N,E,S|H,J,Sx,C,R|형사처분 또는 보호처분|일반실업청년과 구분; 예외없는 주간전일제만 제외
145|본인|대상장애/영구장애소견 AND (지정면허조건 OR 수급면제) AND 대상면허종류 AND 소지/취득희망|-|D,C,K,H|4가지 분류별|4개분류는 AND, 분류내 항목은 OR; 면허미소지자도 신청가능
146|본인·가구|6세이상 AND (수급 OR 차상위 OR 법정한부모); 선정기준의 학령기·신규이용기준 관계 재확인|A,S|K,F,H,R,T|2019.12.31 이전|본문 연령·출생연도 및 기준역할 명료화 필요
147|일반안내|일반국민 노후준비 진단·상담·교육 안내|N|C,R|일반 국민 모두|노년전용 아님; 본문 기준연도 공란·외국국적 범위 미명시
148|본인|한센피해위원회인정 생존피해자 / 의료지원은 추가지급결정|-|C,H,R|피해자로 결정한|질병여부만으로 국가피해사건 인정 대체 금지; 위로금소득무관
149|아동|6~12세 AND 돌봄필요; 센터별우선순위와 이용료|A|F,C,L,R|소득수준과 무관|맞벌이·다자녀는 우선예시, 필수 아님
150|자녀·가구|7~18세다문화자녀 AND 소득100%이하 AND NOT 교육급여중복|A,I|M,F,I,K,H|중복 지원 불가|수급자를 우선/필수로 반대로 코딩하지 않음
151|학생|특수교육대상판정 AND 치료지원필요·영역선정|S|Sx,D,C,R|특수교육대상자|등록장애와 특수교육판정 같지 않음
152|본인·가족·행위자|학대피해노인 OR 가족 OR 학대행위자|A|C,F|학대행위자|모든 이용자가 노년이어야 하는 사업 아님
153|본인·사업주|15~87농업인(산재형84) AND 등록경영체·계약 AND 보험중복/사기제외예외 / 90일미만근로자보험은 경영주신청|A,E|J,O,H,T|90일 미만|농업인 본인과 고용주·피보험자 나이 분리
154|가구|지역난방공사 공급건물거주 AND (급여/차상위 OR 중증장애 OR 지정보훈 OR 3자녀)|Hh,L|U,K,D,B,F,L|한국지역난방공사|주소·사업자·세대관계 미관측; 단순지역시도만으로 공급권역 판정 불가
155|시설·주택|사회복지시설 OR 지정공공임대주택·면적조건; 지역난방기본요금감면|Hh|O,V,U|전용면적 60㎡ 이하|세부 주택유형별 면적적용범위 원문만으로 불명료
156|영아·환아|신생아외래선별/확진검사 경로 OR 19세미만지정진단환아관리; 검사시점·보험·식이품목별조건|A|F,C,H,T|확진검사 결과|검사비와 확진환아 지원을 합쳐 질병확진을 모든경로에 요구하지 않음
157|영아·아동|신생아난청선별/재검확진 OR 12세미만난청보청기·역치조건|-|F,C,H,T|40~59dB|장애등록 안되는 청력역치도 대상; 장애카드 필수 아님
158|기관|허가등록비영리단체 AND 전국사업수행가능 AND 심사선정|-|O,R|전국적인 사업수행|개인노인에게 직접 주는 급여 아님
159|가구|보호필요 AND (65이상실제독거 OR 노인2인자격/질환 OR 조손특례 OR 장애활동지원/지자체인정) AND NOT 24시간활동지원|A,Hh|F,K,D,C,H,R|실제로 혼자 살고있는|조사1인가구는 참고관측; 조손을2인가구로 대체 금지
160|기관·개인이용|지자체사업계획에 따른 센터운영비 / 중독자·가족 서비스이용|-|O,C,F,R|지원대상 센터를 선정|운영비 자격과 이용자 자격 분리
161|기관·개인이용|사업계획심사후센터운영비 / 상담치료재활필요노숙인·주취범죄자 사례관리|-|O,C,H,R|운영비를 지원|개인표본에 센터지원금을 매칭하지 않음
162|본인·세법가구|근로/사업/종교소득 AND 국적예외·부양/전문직제외 AND 유형별연총소득 AND 6월1일재산2.4억미만; 자녀장려금별도|N,E,I,Hh|I,V,F,J,H,T|부부합산 연간 총소득|단독가구≠조사1인가구; 자녀장려금18세 예외·소득7000만원 분리
163|영아|미숙아NICU24시간이내/이송예외 OR Q코드2년내진단·입원수술/의학예외 AND 비용범위|-|F,C,H,T|신생아중환자실|질병확진·수술·영수증·지원제외비용 필요
164|본인|고위험임신19질환 AND 입원치료 AND 질병코드·주수별기준|G|F,C,H,T|질병코드|일반임신여부만으로 확정 불가; 질환별 임신주수 다름
165|본인|국민연금지역가입 AND 재산과표6억미만 AND 종합소득1680만원미만(근로사업제외) AND 기준소득월액80만원미만|I|H,V,I,T|생애 최대 12개월|총가구소득과 과세소득·기준소득월액은 다름
166|학생·학교|국립특수학교/학급배치 특수교육대상; 인력은 중증우선·방과후는 희망학생|S|Sx,D,O,C,H|국립특수학교|학교구분·배치결정 미관측; 중증 우선을 필수로 강제 금지
167|학생|초등1~2학년희망 OR 초등3~6학년 학교여건·선정|S|Sx,C,R|1~2학년|교육정도코드만으로 학년 판정 불가
168|본인|15~90어업인/근로자 AND 법정직업범위 AND NOT 산재·어선원보험 중복(타작업장예외)|A,E|J,H|어선원보험|산업A는 어업인 등록·보험 적용증빙 아님
169|본인|대상도서지역주민 AND NOT 제주본도/연륙연도교지역|L|L,H|제주도 본도|시도·읍면코드로 실제 섬 거주 판정 불가
170|사업주·단체|고용보험가입사업주/단체 AND 직장어린이집설치운영|-|O,H|사업주 단체|영유아 부모에게 직접지급하는 지원금 아님
171|보호자·자녀|부모등보호자 또는 자녀의 공동육아서비스이용|-|F,C|보호자 및 자녀 누구나|부모나 후견역할·대상자녀 확인 필요; 전체인구무조건수급과 구분
172|본인|9~24세 AND 법정학교밖청소년|A,S|Sx,H,T|학교밖 청소년|단순비재학에는 졸업자 포함; 학교밖법정범위·중단기간 필요
173|학생·보호자|농어촌6개월거주/농어업보호자의 자녀배우자 OR 본인농어업 OR 농식품인재학과 AND 대학상태·성적예외|S,L,E|F,J,L,T,Sx,H|6개월(180일)|읍면부와 법정농어촌 구분; 신입·장애 학점예외
174|본인|장기요양1~5등급 또는 인지지원등급 AND 복지용구급여대상|-|C,H,R|인지지원등급|노년·활동제약만으로 요양판정 대체 금지
175|사업체|법정소상공인 AND 종업원5미만/일부업종10미만 AND NOT 제외업종|E|O,J,H,R|상시근로자 5인 미만|사회조사 자영업분류는 기업규모·등록 확인자료 아님
176|본인·부양가구|희귀질환산정특례 AND 보험·질환별 경로 AND 환자가구140%/부양가구200%·재산 또는 수급차상위제한급여|N,I|C,H,I,V,F,K,M|부양의무자가구|200%를 환자가구 상한으로 적용 금지; 급여항목별 예외 분리
177|학생|고등학교등재학 AND NOT 조례상수업료자율사립학교|S|Sx|사립학교 재학생|재학코드만으로 학교법정유형·예외 확인 불가
178|본인|퇴직지역가입 AND 직전18개월중직장보험365일이상 AND NOT 개인대표자|E|J,H,T|퇴직 이전 18개월|지난주미취업만으로 보험가입기간 추정 금지
179|학생|국적 AND 참여대학예체능재학 AND 유형별학년·성적·학점·대학평가|N,S|Sx,R|대학이 자체 선발|저소득 가점은 소득필수상한 아님
180|사업주|50~99명 의무고용미이행사업주 AND 중증장애 직접고용증가 AND NOT 공공/재정지원인건비|-|O,J,D,H|고용의무 미이행 사업주|근로자 본인에게 지급되는 정책으로 계산 금지
181|본인·사업장|중증장애근로 또는 필요도인정 AND 월60시간이상 AND 임금/인가요건 AND NOT 근로지원비중복|E|D,J,H,R|월 소정근로시간|여성·중소기업·최저임금이상은 우대; 전체필수와 구분
182|본인|등록장애인의 고용촉진법상 중증확인서 발급신청·판정|-|D,H,R|중증장애인 여부|신청대상과 중증이라는 결과 분리; 카드소유만으로 중증확정 금지
183|본인|50~65한국국적미취업 AND 자격취득/훈련 AND 일경험필요기관인정|A,N,E|J,H,R|일경험이 필요하다고 인정|고용상태는 조사주간 기준; 현재실업자격 보장 아님
184|사업주|산재근로자요양중대체인력30일고용 AND 원직장복귀30일유지 AND 규모·장해/요양기간조건|-|O,J,H,C,T|상시 근로자 50일 미만|원문50일은 인원단위오류 의심; 임의50인 확정 금지
185|학생|고교2/3학년 AND 수급차상위 AND 해외유학희망 AND 성적단위충족 AND NOT 외국학교거주2년|S|K,Sx,C,H,T|2년 이상 외국 학교|국적만으로 해외거주이력 확인 불가
186|본인·어업체|등록어업인 AND (사고질병/입원 OR 임신출산 OR 중증통원 OR 여성교육 OR 감염격리)|G,E|J,C,F,H,T|어업경영체에 등록|각 사유는 OR; 임신·출산을 모든 이용자의 필수로 만들지 않음
187|본인·보장가구|보훈법대상가족 AND 추천·인정 AND (일반80% OR 취약100% OR 상이1급특례) AND 금융재산기준|A,I,Hh|B,F,K,I,V,D,R|취약 가구|가구구성원의30세조건을 신청인연령으로 추출 금지
188|학생·사업장|직업계고3학년 AND 채용형실습 AND 표준협약서 AND NOT 근로계약중복|S,E|Sx,J,H,R|현장실습 표준|실습과 일반취업을 구분; 신청순·일수 우선순위
189|교사·학생|교사등 콘텐츠이용 / 학생은 특수교육 진단평가선정|S|J,Sx,D,R|특수학교 및 특수학급 교사|지원대상 교사와 선정기준 학생의 주체가 다름; 본문경로 추가명료화 필요
190|본인·자녀|출산/입양자녀 AND 국민연금가입이력 AND 노령연금수급권취득|-|F,H,R|노령연금 수급권|60세이상 자녀문항만으로 출산크레딧 가입기간·권리 계산 불가
191|기관|중앙노인돌봄지원기관 운영위탁법인|-|O,H,R|위탁받은 법인|개인노인 수혜정책에서 분리
192|본인·가족|탈북민·가족 경로 AND 질환별치료·본인부담·소득/보험조건; 틀니는 소득무관|I|M,F,C,H,I,T|틀니|모든경로에100%·민간보험제외를 강제하지 않음;2023~26 버전혼재
193|본인|장교/준사관/부사관10년이상복무후전역 AND 취업희망신청|-|J,H,T,C|10년이상 복무후|현재군인직업코드와 과거전역·복무기간 구분
194|본인·사업주|장애근로자 OR 장애고용사업주 OR 4인이하장애사업주 AND 기기평가·지원결정·고용유지·중복제한|E|D,O,J,H,R|상담·평가를 실시|수급차상위는 본인부담면제경로; 지원 전체필수 아님
195|사업주|장애의무고용률초과 AND 대상근로자임금/인가·보험요건 AND 타장려금차액조정|-|O,J,D,H|고용한 사업주|장애근로자 수와 고용률은 개인조사로 산출 불가
196|학생|협약대학재학 AND 학부35세/선취업45세 또는 대학원40세 AND 대출종류별소득·학점예외|A,S,I|Sx,I,F,H,R|소득구간 제한 없음|등록금과 생활비 소득기준 분리; 다자녀자립준비예외 유지
197|학생|한국국적 AND 참여대학재학/입학예정 AND 성적70 AND 학자금9구간이하 AND 대학선발|N,S,I|Sx,I,R|우선선발 기준|장애·다문화·보훈·다자녀·가족돌봄은 우선순위이며 전체 필수조건과 구분
198|학생|4년제인문사회1/3학년 AND 유형별성적·학점·대학역량평가|S|Sx,R|경제적 수준이 낮을수록 가점|가점조건을 저소득전용으로 코딩 금지
199|본인|5년~19년6개월미만복무전역 AND 군인연금수급권없음 AND 소득125% AND 보훈·공단심사|I|B,J,H,I,R,T|군인연금수급권이 없는|현재실업·나이로 복무기간이나 연금권 추정 불가
200|본인|5년~19년6개월미만전역 AND 군인연금비대상 AND 실업·구직활동 AND 전역6개월내신청|E|J,H,T,C|적극적 구직활동|경제활동없음과 적극적구직은 동일하지 않음
201|아동·가족|임산부/12세이하(13세이상초등예외) AND 취약/특화가구 AND 사업지역·사정후개입필요|A,S,L|F,K,M,C,L,R|아동 양육환경 및 발달 상태|13세 상한 일괄배제 금지; 농산어촌특화와 기본경로 분리
202|아동·돌봄종사자|보호아동시설 AND 경계선지능심리검사·선별/종합심사 / 해당돌봄종사자지원|-|C,H,J,R|종합심리검사|IQ·보호시설 미관측; 지원종사자에게 아동연령·장애조건 대입 금지
203|학생|한국국적 AND 초5~고3 AND 24세이하 AND 수급/차상위/한부모 AND 성적출결봉사·추천; 다문화유형추가|A,N,S|K,M,Sx,H,R|두가지 요건을 동시에|다문화와 저소득은 해당장학유형에서 AND; 전체학생경로와 구분
204|본인|5~69세등록장애 AND NOT 스포츠이용권중복; 저소득·유청소년 우선|A|D,K,H,R|소득무관|선정문장에 저소득층 지원과 소득무관 동시 기재; 최신공고 확인 전 잠금
205|양육자·자녀|18세이하자녀양육 AND 양육비채권·3개월/3회미이행 AND 소득150% AND 이행확보절차|-|F,V,I,H,R,T|양육비 채권|혼인상태·동거자녀만으로 채권·미지급이력 확인 불가
206|본인·영유아|소득인정액80% AND 영양위험 AND (임산부 OR 출산수유부 OR 5세이하영유아)|I|I,F,C|영양위험요인|임의가임기연령이나 저소득만으로 영양위험 판정 금지
207|본인·지역서비스|지역/세부서비스별 이용기준·소득·연령·선정우선순위|L,A,I|L,I,C,R|지역별, 사업별 기준이 상이|140% 원칙·160%예외·소득무관을 한정책상한에 병합 금지
208|기관관계자|민간/공공기관 웹접근성관계자 교육·기술지원|-|J,O,C|웹 접근성 관계자|일반장애인 수혜자격과 관계자 역할을 혼동하지 않음
209|사업주|장애인고용/고용예정사업주 AND 투자·고용계획타당성심사|-|O,J,D,R|고용계획 타당성|개인 장애만으로 기업융자신청 가능 판정 금지
210|청소년·부모|9세입교~18세수료 AND 정서행동·학교생활어려움 AND 면접·판정위원회|A,S|C,F,H,R,T|입.퇴교판정위원회|부모연령 대신 아동입퇴교나이; 어려움 진단 미관측
211|본인|법정농어민 AND 유형별보험료/보험자격 AND NOT 타분야상시근로·소득초과|E,I|J,H,I|건강보험료 납부금액|40%는 타분야종합소득 제외기준; 총가구소득상한 아님
212|가구|I:생계의료수급·소득인정액40%·근로소득하한 / II:주거교육수급차상위·인정액50%·근로소득|E,I,Hh|K,I,F,H|40%의 60%|하한과 상한, 수급급여종류, 근로소득과 인정액을 분리
213|영유아|의료급여수급권 AND 생후14일~71개월 건강검진|-|K,F,H,T|생후 14일~71개월|가구주나이가 아닌 영유아 검진회차·생일정보 필요
214|본인·가구|국내국민 AND 소득경로 AND 재산7억이하 AND 실제의료비부담기준 AND 심사예외|N,I|I,V,C,H,R|100~200%는 개별심사|200%를 일괄승인상한으로 만들지 않음; 소득별 의료비문턱 별도
215|본인|고용법상중증장애근로 AND (최저임금적용제외인가 OR 수급/차상위50%경로)|E,I|D,J,K,I,H|최저임금 적용제외 인가|저소득과 최저임금예외는 OR
216|부모·자녀|부모모두24세이하 AND 실제자녀양육 AND 가구소득65%이하|A,I|F,I|부모가 모두 청소년|가구주 한명의 나이만으로 부모모두 조건 확인 불가
217|사업주|정년운영 AND 정년연장/폐지/재고용제도 AND 도입일·고령피보험비율조건|-|O,J,H,T|사업주를 지원|개인 고령자가 직접 받는 급여로 매칭 금지
218|학생·근로자|한국국적 AND 직업계/위탁교육고교졸업예정 AND 중소중견취업·주15시간·재직기간 AND NOT 제외기업/부모대표|N,S,E|Sx,J,H,F,T|고용보험 가입이력 정보로만|학교재학·취업만으로 고용보험검증·특수관계 판정 불가
219|본인·기업교사|동일기업사업장 실습지도담당 AND (실무1년 OR 학력훈련 OR 연구경력 OR 자격증)|S,E|J,H,T|기업현장교사|일반근로자와 현장교육 담당역할 구분
220|본인·유족|독립유공수권유족 OR 협의된제사주관자 AND NOT 국적상실|N|B,F,H|수권유족|유족권한·제사주관합의 미관측
221|본인|실업급여수급 OR 국민취업지원참여 OR 상담으로 의욕·기술향상필요 인정|E|K,H,C,R|상담을 거쳐|미취업자 전체와 법정실업급여수급·상담판정 구분
222|본인·유족|광복후사망독립유공자 선순위자녀의자녀 중 지정1인·부양협의예외 AND NOT 보상금이력/국적상실|N|B,F,H,T|유족간의 협의|손자녀나이가 많다는 상대순위를 개인연령하한으로 바꾸지 않음
223|본인|(65이상 OR 65미만노인성질병) AND 장기요양1~5등급 AND 도서/재난/감염·기피특례|A,L|C,D,H,L,R|장기요양 1~5등급|65세미만질병경로 보존; 도서벽지시도 대체 불가
224|사업주|표준사업장설립운영희망 AND NOT 직업재활시설 AND 심사선정|-|O,J,R|사업주를 대상으로|장애인본인 대상으로 혼동 금지
225|학생|대상고등교육학교재학 AND 기부처별선발자격 AND NOT 제외대학유형|S|Sx,R|기부처별|기부처 상세요건 미수집이라 공통학생변수만으로 확정 불가
226|자녀·가구|연장보육유형별 기존보육자격/연령/시설이용 AND 부모야간근로등 AND NOT 원장교사자녀|-|F,K,D,Sx,J,H,T|야간12시간 보육료|야간연장·야간12시간·24시간 경로 분리; 취학예외 및8세/12세구분
227|본인·가구|I:15~69구직·소득60%/재산4억(청년120%/5억) / II:I비해당·소득100%(청년소득무관)|A,E,I|J,I,V,H,R|청년은 소득요건 없음|고용상태는 구직의사·이력과 다름; I/II 경로 최대120% 통합 금지
228|기업|장애인기업등록증 AND 계획·예산집행적정성평가|-|O,D,H,R|기업 등록증|장애카드소유 자영업자로 등록기업 추정 금지
229|산모|미혼/이혼 AND 출산전40일~후7일 AND 지원기간입양동의없음|G|F,H,T|전 40일 또는 후 7일|혼인상태 참고가능하나 출산일·동의이력 미관측
230|대학|장애대학원생재학대학 AND 수요조사·신청적정성·예산심사|-|O,Sx,D,R|대학을 지원|장애학생 개인에게 직접 주는 지원금으로 계산 금지
231|학생·가구|국적·대학·학자금9구간 AND 성적학점예외; II유형대학기준 / 다자녀국적3명·미혼·입학연령|N,S,A,I|Sx,I,F,D,K,H,R|입학 당시 만 39세|입학당시연령을 현재연령으로 대체 금지; I·II·다자녀 경로분리
232|양육가정|법정입양기관 통한 국내입양절차 / 입양동의철회 비용경로|-|F,H,R|입양동의를 철회|입양완료와 철회 서로 다른 경로; 현행 법령버전 확인 필요
233|아동·가정|법정국내입양 AND 등록장애/입양당시질환/선천장애후발 AND 18세까지 또는 재학졸업예외|-|F,D,C,H,Sx,T|휴학생은 제외|등록장애만 필수 아님; 휴학을 재학으로 포함 금지
234|아동·가정|법정국내입양 AND 18세도래월까지 AND NOT 민법입양/해외말소|-|F,H,T|민법에 의한 입양아동|자녀유무는 입양법적경로를 설명하지 않음
235|아동|장애입양양육보조금대상결정 AND 질환/장애·나이·재학지속조건|-|F,D,C,K,H,Sx,T|지급대상자로 결정된|장애입양급여 선정이력 없이는 의료비 자동승인 불가
236|본인·유족|독립유공자자녀손자녀 AND 보상금비수급 AND (수급차상위 OR 중위70% OR 해당기초연금가구)|A,I,Hh|B,F,K,I,H|보상금을 받지 않는|65세는 기초연금경로 조건일 뿐 전체하한 아님
237|기관|지역자활센터 수행능력·경험 있는 등록비영리법인단체|-|O,H,R|비영리법인과 단체|자활참여 개인대상 급여와 구분
238|가구|전후납북피해 AND 전세대무주택 AND 특별공급청약기간·지역공고조건|L,Hh|M,V,F,H,T,L,R|납북피해자|탈북민과 납북피해자 구분
239|학생|초중고재학 AND 상담/교육활동필요|S|C|상담 및 교육활동이 필요한|학생본인 대상이며 자녀보유필수 아님
240|기업·예비창업자|법정여성기업 OR 여성예비창업자|G,E|O,J,C|여성기업 및 (예비)여성창업자|여성취업자·자영업자전체와 법정여성기업 구분
241|기업·예비창업자|법정여성기업 OR 여성예비창업자|G,E|O,J,C|여성기업 및 (예비)여성창업자|판로지원 사업별참여요건 추가필요; 성별만으로 기업자격 확정 금지
242|기업·예비창업자|법정여성기업 OR 여성예비창업자|G,E|O,J,C|여성기업 및 (예비)여성창업자|창업희망·기업자격은 현재자영업과 다름
243|본인|센터별60이상산재장해/요양상태/진폐경로 또는60미만위원회예외 AND 부양·의료종합판정|A|C,D,H,F,R|60세 미만인 자도|전체정책 최소60세로 고정하지 않음
244|사업주|산재1~12장해/의학소견근로자 원직장복귀 AND 고용유지6개월; 훈련·재활별기간요건|-|O,J,C,H,T|사업주에게 지원|근로자 질병·장애를 신청주체의 신분으로 코딩 금지
245|본인·가족·기관|한국어어려움 결혼이민자가족 의사소통지원 / 다문화가족 지원개인기관|N|M,F,C,J,O|직·간접적으로 지원하는|이용자가 반드시 외국국적일 필요 없음
246|본인·가구|6세이상출생연도기준 AND (수급 OR 법정차상위각유형)|A|K,H,T|차상위초과자 제외|교육급여학생과 나머지가구원 경로 구분; 가구소득낮음만으로 자격 대체 금지
247|본인|18세이상 AND NOT 고교대학재학(야간/6개월장기휴학예외); 취약계층우선|A,S,E|Sx,H,T,R|야간대학생|저소득·장애·장기실업은 우선조건; 취업제외로 자동변환 금지
248|본인·부모|임산부 OR 0~36개월영유아부모|-|F,T|0~36개월|자녀여부 문항은60세이상만 질문되어 전체부모 파악 불가
249|기관·아동|센터교사지원 / 이용아동:초중등·계속이용고교·형제·학교밖·지자체예외 AND 돌봄필요|A,S|O,F,Sx,C,H,R|일반아동|저소득·한부모등은 우선돌봄; 일반아동경로 존재
250|본인·가구|조건부수급/급여특례/일반수급/특례가구/차상위/시설수급 경로별 능력·희망·지자체판단|A,E,I|K,C,H,I,F,R|만 65세 이상의 경우|65세이상도 예외참여 가능; 수급차상위관측 없음
251|사업주|재취업지원서비스제공사업주 AND 공모선정|-|O,J,R|선정되는 기업|재취업희망 개인에게 직접 주는 급여 아님
252|어린이집·교직원|해당어린이집·취약보육기관의 보육교직원 인건비지원|-|O,J,H|보육교직원 인건비|보조금 신청기관과 임금수혜교직원 분리; 일반근로자와 매칭 금지
253|본인|출산여성 AND 출산전18개월중3개월소득활동·현재활동 AND 고용보험미적용경로 AND 유형별증빙|G,E|F,J,H,I,T|출산 전 18개월중 3개월|지난주경제활동으로 출산일의 고용·기간 대체 불가
254|영유아·보호자·교직원|육아센터이용 영유아 OR 보호자 OR 보육교직원|-|F,J,C|어린이집 보육교직원|자녀가 없어도 교직원경로 가능; 본인나이의 영유아태그 사용 금지
255|사업주|우선지원기업 AND 육아휴직/단축30일허용 또는 대상휴가30일·업무분담자지정|-|O,J,H,T|우선지원대상기업 사업주|출산여성 직접급여와 구분
256|본인·가족|지정보훈·수권유족 AND 주택/농토/사업/생활안정 등 대부목적별요건|I,Hh,E|B,F,V,J,H,R|대부종류별 지원요건|가족농업·동거1년 조건은 해당대부경로에만 적용
257|본인·가족|10년이상복무전역 AND 대부종류별목적·주택/영농/학업조건 AND 중복·상환건수제외|S,E,Hh|J,H,T,V,F,R|대부제외자는|군인직업 현재응답으로 전역이력 확인 불가
258|본인·유족|직무외위험구조 중 사망부상 AND NOT 배제사유 AND 위원회인정; 급여별본인/유족/자녀/장제자|A|C,F,H,R|의사상자심사위원회|보훈·장애 단순변수와 다른 법정의사상자 인정
259|보장가구|소득인정액32%이하 AND 생계급여결정 AND 부양의무자고소득재산제외 AND NOT 타생계중복|I,Hh|I,V,F,K,H,R|소득인정액|수급자격 산정과 지급대상 설명 구분; 월소득구간만으로 선정 불가
260|본인·배우자·자녀|휴가종류별 근로/예술인노무제공 AND 보험180일/3개월 AND 휴가30일등 AND 신청기간; 부부동시육아특례|E,G|J,H,F,T|예술인/노무제공자|출산·배우자휴가·난임·육아휴직을 모두AND로 합치지 않음
261|학생|장학유형별 이공계학과·학년·전일제 AND 성적학점/연구평가·선발|S|Sx,H,R,T|23~'24년|원문2024선발기준 잔존; 최신연도와 혼용해 자동선발 금지
262|본인·사업주|직역별 사업장규모 AND 월보수270만원미만 AND 개인재산6억/종합소득4300만원미만 AND 보험납부·사업주신청|E,I|J,O,I,V,H,T|사업주의 신청|근로자와 예술인/노무제공자의10인이상경로 다름
263|본인·자녀|10년복무전역등록 AND (본인전역3년내대학 OR 생활수준선정가구의 고교자녀)|S|J,B,H,F,I,T|본인교육지원|본인재학과 자녀재학을 별도경로로 보존
264|학생·가구|긴급생계/주거/시설지원대상 AND 초중고입학재학 AND 교육비필요인정 AND NOT 타교육중복; 위기사유·소득75%·재산|S,I,L|K,C,F,I,V,H,R|학비 지원이 필요|위기사유가 없는 저소득학생을 자동승인 금지
265|본인·가구|긴급주지원대상가구 AND 출산/예정 AND 위기사유·소득75%·재산|-|K,C,F,I,V,H,R,T|출산 예정도 포함|모든저소득 임산부가 아니라 긴급지원자격 필요
266|자녀·가구|다문화가족 미취학0~5세 AND 부모국적결합/동일세대예외 AND NOT 결혼이민제외사유|-|M,F,Sx,H,T|2014.1.1~12.31일생|2026본문에2014취학유예 출생연도 잔존; 최신공고와 대조 전 잠금
267|본인|(65이상 OR 65미만노인성질병) AND 보험/의료급여 AND 장기요양1~5또는인지지원등급|A|C,K,H,R|장기요양인정 점수|소득무관; 활동제약·나이만으로 요양등급 추정 금지
268|본인|(65이상 OR 65미만노인성질병) AND 보험/의료급여 AND (장기요양1~2 OR 3~5시설필요위원회)|A|C,K,H,F,R|등급판정위원회|재가급여와 시설급여 등급예외 다름
269|본인·기준세대|(지정질환 OR 만성6개월 OR 18미만/학생20미만예외) AND 인정액50% AND 부양요건|A,S,I|C,I,V,F,H,T|부양의무자기준|질병경로에 아동상한을 적용 금지; 기준세대와 조사세대 구분
270|가구·주택|무주택세대주·순자산3.45억 AND (우대자격 OR 부부연소득5000만원) AND 주택면적·보증금1억·월세60만원|Hh,I,E,L|V,I,F,K,J,H,L|우대형 外|일반형소득5000만원을 모든우대경로에 동일강제하지 않음
271|가구|무주택세대주 AND 순자산3.45억 AND 일반/2자녀/신혼/출산별부부합산연소득|Hh,I|V,I,F,H|순자산가액 3.45억원|소득상한5000/6000/7500만원·1.3억/2억원은 경로별
272|영아|6개월이상~반별상한 AND NOT 어린이집유치원이용 AND 부모급여현금/양육수당수급|-|F,Sx,K,H,T|부모급여(현금)|기존급여수급유형·출생연도·기관이용 필요
273|도서관이용자|고령/저시력등 공공도서관이용자 대상 큰글자책·연계프로그램 안내|A|C,H,L,R|공공도서관 이용자|특정질병등록 의무는 없음; 구체이용·제공도서관 범위 별도
274|본인|협약병원검사필요 AND 검사종류별60세/초로기예외·소득120%·입원조정 / 센터직접진단은 소득무관|A,I|C,I,H,R|소득판정 없이 무료검사|진단·감별·센터경로별조건; 연령60과소득120%를 전체에 강제 금지
275|본인·시설|장애인 AND 자립희망·거주시설/재가상태 AND 시범지역·위원회선정|L|D,C,H,L,R|자립지원위원회|장애카드소유만으로 자립의사·선정·참여지자체 확인 불가
